GROUP,PACKAGE,CLASS,INSTRUCTION_MISSED,INSTRUCTION_COVERED,BRANCH_MISSED,BRANCH_COVERED,LINE_MISSED,LINE_COVERED,COMPLEXITY_MISSED,COMPLEXITY_COVERED,METHOD_MISSED,METHOD_COVERED
ims,com.qa.ims.exceptions,CustomerNotFoundException,3,0,0,0,1,0,1,0,1,0
ims,com.qa.ims.controller,ItemController,0,114,0,2,0,30,0,7,0,6
ims,com.qa.ims.controller,CustomerController,0,112,0,2,0,30,0,7,0,6
ims,com.qa.ims.controller,Action,152,0,4,0,20,0,7,0,5,0
ims,com.qa.ims.controller,OrderController,24,156,0,2,5,41,1,9,1,8
ims,com.qa.ims,IMS,163,0,20,0,54,0,21,0,6,0
ims,com.qa.ims,Runner,16,0,0,0,6,0,3,0,3,0
ims,com.qa.ims.persistence.dao,CustomerDAO,57,176,0,2,21,46,0,10,0,9
ims,com.qa.ims.persistence.dao,OrderDAO,154,258,0,2,54,63,3,14,3,13
ims,com.qa.ims.persistence.dao,ItemDAO,57,178,0,2,21,46,0,10,0,9
ims,com.qa.ims.utils,DBUtils,19,159,1,3,7,35,2,12,1,11
ims,com.qa.ims.utils,Utils,63,3,4,0,26,1,8,1,6,1
ims,com.qa.ims.persistence.domain,Order,19,147,0,14,9,32,5,17,5,10
ims,com.qa.ims.persistence.domain,Domain,105,0,2,0,17,0,6,0,5,0
ims,com.qa.ims.persistence.domain,Item,12,113,0,12,6,23,3,14,3,8
ims,com.qa.ims.persistence.domain,Customer,0,176,0,30,0,48,0,26,0,11
